,sync_1,URL
not-found-25-dangerous-geese-played-loudly,1,2.0
not-found-33-low-cockles-drove-carefully,0,
not-found-16-dry-robins-married-quietly,1,
not-found-21-bad-squirrels-whimpered-fast,1,
not-found-33-sad-mussles-hid-correctly,1,
not-found-15-high-swans-cried-correctly,1,
not-found-7-strong-parrots-walked-merrily,1,
not-found-32-useful-salmons-engaged-quietly,0,
not-found-10-fat-peafowl-went-patiently,1,
not-found-31-comfortable-stoats-knitted-easily,0,
not-found-15-thirsty-robins-sat-easily,0,
